<?xml version="1.0" encoding="UTF-8"?>
<Configuration monitorInterval="60">
	<Properties>
		<Property name="log-path">PropertiesConfiguration</Property>
	</Properties>
	<Appenders>
		<Console name="Console-Appender" target="SYSTEM_OUT">
			<PatternLayout>
				<pattern>
					[%-5level] %c{1} - %msg
				</pattern>
			</PatternLayout>
		</Console>
	</Appenders>
	<Loggers>
		<!-- Log everything in hibernate -->
		<Logger name="org.hibernate" level="info" additivity="false">
			<AppenderRef ref="Console-Appender" />
		</Logger>

		<!-- Log SQL statements -->
		<Logger name="org.hibernate.SQL" level="debug"
			additivity="false">
			<AppenderRef ref="Console-Appender" />
		</Logger>

		<!-- Log JDBC bind parameters -->
		<Logger name="org.hibernate.type.descriptor.sql" level="trace"
			additivity="false">
			<AppenderRef ref="Console-Appender" />
		</Logger>
		<Root level="debug">
			<AppenderRef ref="Console-Appender" />
		</Root>
	</Loggers>
</Configuration>